{
  "best_dsc": 0.8143770177258253,
  "patient_names": [
    "TCGA_CS_4944_20010208",
    "TCGA_CS_6667_20011105",
    "TCGA_CS_6668_20011025",
    "TCGA_DU_5851_19950428",
    "TCGA_DU_6404_19850629",
    "TCGA_DU_6408_19860521",
    "TCGA_DU_7014_19860618",
    "TCGA_HT_7616_19940813",
    "TCGA_HT_7692_19960724",
    "TCGA_HT_7879_19981009"
  ],
  "loss_per_epoch_per_patient": [
    [
      0.8862633138895035,
      0.9486121088266373,
      0.9701120342527118,
      0.9487569153308868,
      0.9536481285994908,
      0.8516381170068469,
      0.8905397733052571,
      0.8996739427248637,
      0.9772976100444793,
      0.960975108402116
    ],
    [
      0.8493693232536316,
      0.9180001825094223,
      0.9530530465500695,
      0.9246822685003281,
      0.92763644569325,
      0.8013817210282598,
      0.8300736655791601,
      0.8496083875497182,
      0.9622931957244873,
      0.9192504435777664
    ],
    [
      0.7811642259359359,
      0.8546333760023117,
      0.9202389419078827,
      0.8723177909851074,
      0.8821086388713909,
      0.7227975683552879,
      0.7443096896012624,
      0.8011397699515025,
      0.9357136994600296,
      0.8776072178568158
    ],
    [
      0.7477177411317826,
      0.8018292158842086,
      0.9506974880184446,
      0.8266484022140503,
      0.8379282197862301,
      0.6748388313821384,
      0.6945927947759628,
      0.7507110416889191,
      0.8984990924596786,
      0.8725221838269915
    ],
    [
      0.6811393588781357,
      0.7426422834396362,
      0.8993369042873383,
      0.7892333433032036,
      0.8038666889352618,
      0.6370443659169334,
      0.6503842771053314,
      0.7137639443079631,
      0.8703647136688233,
      0.8305447399616241
    ],
    [
      0.6707854986190795,
      0.7094251692295075,
      0.8608496614864894,
      0.7693852916359901,
      0.787351814081084,
      0.6198205820151738,
      0.622878810763359,
      0.6948414882024129,
      0.8497648000717163,
      0.7413982940571648
    ],
    [
      0.6471477687358856,
      0.6858280599117279,
      0.8209518279348101,
      0.7521873101592064,
      0.7719827620488293,
      0.6063275305288178,
      0.6051398207743962,
      0.6788255075613657,
      0.8218712687492371,
      0.6983702502080372
    ],
    [
      0.6610130816698074,
      0.7047172516584397,
      0.8168575997863498,
      0.7724726021289825,
      0.7987216114997864,
      0.6249478470001902,
      0.584518254796664,
      0.689603982369105,
      0.8214289605617523,
      0.7095392623117992
    ],
    [
      0.6592765897512436,
      0.6622430175542832,
      0.8433632595198495,
      0.7401235476136208,
      0.7587651880282276,
      0.6033759479011808,
      0.593106531103452,
      0.6742319742838542,
      0.8226058572530747,
      0.6967088665281024
    ],
    [
      0.6614991366863251,
      0.6512495815753937,
      0.8065510392189026,
      0.7288288787007332,
      0.7539368935351102,
      0.5907600490110261,
      0.6019919097423554,
      0.6835911055405934,
      0.7868512481451034,
      0.6774599807603019
    ],
    [
      0.6662660896778106,
      0.6496807873249054,
      0.8241044580936432,
      0.7332724571228028,
      0.7361508090541048,
      0.5882506508912358,
      0.5651938736438751,
      0.6601108570893606,
      0.7615223109722138,
      0.6625375896692276
    ],
    [
      0.6200742781162262,
      0.641574701666832,
      0.8092954329081944,
      0.7207826286554336,
      0.7463637995270064,
      0.5752171341861997,
      0.5734018256266912,
      0.6563185652097067,
      0.776366901397705,
      0.6684327210698809
    ],
    [
      0.6572079479694366,
      0.6404459565877915,
      0.7945875312600817,
      0.7134289085865021,
      0.7394228431413759,
      0.5705978029540607,
      0.5612603445847829,
      0.6550082524617513,
      0.770604458451271,
      0.6479390838316509
    ],
    [
      0.6108619391918182,
      0.6296055614948273,
      0.7950683534145355,
      0.7046129196882248,
      0.7256975376381064,
      0.5623940005898476,
      0.5490553031365076,
      0.6545324067274729,
      0.7146329939365387,
      0.6392201610973903
    ],
    [
      0.625898590683937,
      0.6557475715875626,
      0.7964753700154168,
      0.6992037579417228,
      0.7246978755267162,
      0.5593448110989162,
      0.5423683881759643,
      0.6518858909606934,
      0.7574172049760819,
      0.6342215750898633
    ],
    [
      0.5991986840963364,
      0.6091085880994797,
      0.7893490748746055,
      0.6857226893305779,
      0.7048620232995951,
      0.5485644180859838,
      0.5364265471696854,
      0.6455340325832367,
      0.7308828651905059,
      0.6273511839764458
    ],
    [
      0.6011296927928924,
      0.5987133592367172,
      0.7721141810928073,
      0.6779884323477745,
      0.7019614183677817,
      0.5461809294564384,
      0.5326843599478404,
      0.6275529026985168,
      0.7037662029266357,
      0.6094482328210559
    ],
    [
      0.6537858247756958,
      0.6068537443876266,
      0.781683264034135,
      0.6791345030069351,
      0.7077649168248447,
      0.533937713929585,
      0.5531770259141922,
      0.6342054545879364,
      0.689633721113205,
      0.6265578780855451
    ],
    [
      0.565281280875206,
      0.5797589659690857,
      0.7512312233448029,
      0.6486607804894448,
      0.6879689524758537,
      0.5312972462603024,
      0.5005608081817627,
      0.6151005903879802,
      0.7029363512992859,
      0.5834965258836746
    ],
    [
      0.6456190466880798,
      0.5903405368328094,
      0.7425810673407146,
      0.6334523186087608,
      0.699843908255955,
      0.5655680032713073,
      0.5050198127826054,
      0.6177006125450134,
      0.6829653322696686,
      0.6270548318113599
    ]
  ],