{
  "best_dsc": 0.9006366477602528,
  "patient_names": [
    "TCGA_CS_4944_20010208",
    "TCGA_CS_6667_20011105",
    "TCGA_CS_6668_20011025",
    "TCGA_DU_5851_19950428",
    "TCGA_DU_6404_19850629",
    "TCGA_DU_6408_19860521",
    "TCGA_DU_7014_19860618",
    "TCGA_HT_7616_19940813",
    "TCGA_HT_7692_19960724",
    "TCGA_HT_7879_19981009"
  ],
  "loss_per_epoch_per_patient": [
    [
      0.9012017458677292,
      0.9615707606077194,
      0.9760090666157859,
      0.9589153915643692,
      0.9623439930519968,
      0.8642891570925713,
      0.8987119615077972,
      0.9100520233313243,
      0.9793605148792267,
      0.9648453337805611
    ],
    [
      0.8546064794063568,
      0.9357384324073792,
      0.9617167072636741,
      0.9334632083773613,
      0.9392453915667984,
      0.8224134689995221,
      0.8546427299578985,
      0.8636194129784902,
      0.9688695669174194,
      0.932698226400784
    ],
    [
      0.7823703587055206,
      0.8661120057106018,
      0.9242885687521526,
      0.8781078100204468,
      0.899706207356363,
      0.7349943018385342,
      0.7575060317913691,
      0.8049539089202881,
      0.9359115064144135,
      0.8776961628879819
    ],
    [
      0.7319296658039093,
      0.8068962842226028,
      0.9069812680993762,
      0.8270902425050736,
      0.8653440869079446,
      0.680589816399983,
      0.6929080148537954,
      0.757192975282669,
      0.9035822451114655,
      0.86155552310603
    ],
    [
      0.7017883777618408,
      0.7483482837677002,
      0.8901914975472859,
      0.79391600638628,
      0.8182381976325557,
      0.6392455313886914,
      0.6556115398804346,
      0.7139851073424022,
      0.8601959228515625,
      0.8043707949774606
    ],
    [
      0.6785127282142639,
      0.7100198924541473,
      0.8794392794370651,
      0.7744188100099564,
      0.8053993076648353,
      0.6266994912709508,
      0.6208485027154287,
      0.6940387090047201,
      0.8543352067470551,
      0.7424153642995017
    ],
    [
      0.6951357573270798,
      0.700212249159813,
      0.8336694857903889,
      0.7656384125351906,
      0.7802302275063857,
      0.6114338040351868,
      0.6105242490768432,
      0.6655846198399862,
      0.8255114138126374,
      0.7474627728973117
    ],
    [
      0.6688490509986877,
      0.6735908597707748,
      0.8737906622035163,
      0.7565679728984833,
      0.77336803472267,
      0.6047016627022198,
      0.6130310952663421,
      0.6831068654855093,
      0.8299533665180207,
      0.7603716999292374
    ],
    [
      0.6566881150007248,
      0.6650215655565261,
      0.8485610846962247,
      0.741367569565773,
      0.7599091259938366,
      0.5931996064526694,
      0.5920861701170603,
      0.6636818468570709,
      0.7889237433671952,
      0.6828698004995074
    ],
    [
      0.6675043225288391,
      0.6490551888942718,
      0.8554023951292038,
      0.7332349970936776,
      0.7581217457663338,
      0.5843735858798027,
      0.595984697341919,
      0.6614949305852255,
      0.7804622143507004,
      0.68808756342956
    ],
    [
      0.6474428683519363,
      0.648536303639412,
      0.8284779595477241,
      0.728505577147007,
      0.7470395834940784,
      0.5817199988024575,
      0.5783055553833644,
      0.6454122424125671,
      0.7786787718534469,
      0.6565767164741244
    ],
    [
      0.6322324186563492,
      0.6463813930749893,
      0.8131117437567029,
      0.7259387537837029,
      0.7451954090370322,
      0.5778575944049018,
      0.5871321131785711,
      0.6515155414740245,
      0.7794440597295761,
      0.6542623106922422
    ],
    [
      0.6788265764713287,
      0.6710395187139511,
      0.8079237682478768,
      0.7186970084905624,
      0.7441105572682507,
      0.5768112157072339,
      0.5687415470679601,
      0.6400374094645183,
      0.766109949350357,
      0.6432184449263981
    ],
    [
      0.6499958246946335,
      0.6356934130191803,
      0.7854458604540143,
      0.7126061677932739,
      0.7604875519590558,
      0.5689036143677575,
      0.562597531080246,
      0.6421227554480234,
      0.737544646859169,
      0.6483002454042435
    ],
    [
      0.6428932934999466,
      0.6254074841737747,
      0.7915690179382052,
      0.7051041483879089,
      0.7330570524593569,
      0.5577560407774789,
      0.561173219482104,
      0.6332613309224446,
      0.7851613521575928,
      0.6300511700766427
    ],
    [
      0.6307779431343079,
      0.647398030757904,
      0.796313579593386,
      0.7234755143523216,
      0.7190026382230362,
      0.5620635747909546,
      0.5651792287826538,
      0.6217648883660635,
      0.7148632496595383,
      0.65748473576137
    ],
    [
      0.6303791880607605,
      0.661406221985817,
      0.7674151531287602,
      0.7074850022792816,
      0.7288148256967653,
      0.5485291044626918,
      0.5501910636822382,
      0.6173778673013052,
      0.7395320177078247,
      0.6736499156270709
    ],
    [
      0.6576151251792908,
      0.6146217107772827,
      0.7727054527827671,
      0.7155740439891816,
      0.7611505074321099,
      0.5717300453356334,
      0.5656159540017446,
      0.6316278239091238,
      0.7669281154870987,
      0.6295807553189141
    ],
    [
      0.5802146017551422,
      0.5866179585456848,
      0.7391150615045002,
      0.6515864118933677,
      0.7212054943138698,
      0.525638219501291,
      0.5198651134967804,
      0.6109374642372132,
      0.7170218884944916,
      0.5856988174574715
    ],
    [
      0.5893136948347092,
      0.5759368419647217,
      0.7464782191174371,
      0.6487466350197792,
      0.6981053138678929,
      0.5107049409832273,
      0.5101206928491593,
      0.6201165755589803,
      0.6941953092813492,
      0.6043658171381269
    ]
  ],