{
  "best_dsc": 0.8158690408305814,
  "patient_names": [
    "TCGA_CS_4944_20010208",
    "TCGA_CS_6667_20011105",
    "TCGA_CS_6668_20011025",
    "TCGA_DU_5851_19950428",
    "TCGA_DU_6404_19850629",
    "TCGA_DU_6408_19860521",
    "TCGA_DU_7014_19860618",
    "TCGA_HT_7616_19940813",
    "TCGA_HT_7692_19960724",
    "TCGA_HT_7879_19981009"
  ],
  "loss_per_epoch_per_patient": [
    [
      0.9079250305891037,
      0.9626234501600266,
      0.9789772991623197,
      0.962411105632782,
      0.9657399227034371,
      0.8832780484642301,
      0.9087190598249435,
      0.9198799888292949,
      0.9831295996904373,
      0.9637674157108579
    ],
    [
      0.8775236487388611,
      0.9437861442565918,
      0.9672103715794427,
      0.9458630889654159,
      0.9499899013987128,
      0.8477308782083648,
      0.8693149626255036,
      0.8891197542349497,
      0.9751691102981568,
      0.9457528867891857
    ],
    [
      0.816516637802124,
      0.9067784428596497,
      0.942474324788366,
      0.9111462846398354,
      0.9204156117619209,
      0.7797309873359544,
      0.8081428368886312,
      0.83980992436409,
      0.9589064121246338,
      0.9112649432250431
    ],
    [
      0.7621840834617615,
      0.8469556510448456,
      0.9238340897219521,
      0.8652732238173485,
      0.8842910157059723,
      0.7187735406415803,
      0.7362016886472702,
      0.7899576902389527,
      0.9272001415491105,
      0.8770951011351177
    ],
    [
      0.7387174248695374,
      0.793974193930626,
      0.8833127319812775,
      0.8216279208660126,
      0.8307340549972823,
      0.6654849073716572,
      0.6776907424132029,
      0.7410557428995769,
      0.8942363500595093,
      0.8087465635367802
    ],
    [
      0.7074216604232788,
      0.7453781455755234,
      0.853502196925027,
      0.7963698536157608,
      0.8105924646809416,
      0.6408782739724431,
      0.6418053527673085,
      0.6959792613983155,
      0.8664349526166916,
      0.7598110203232084
    ],
    [
      0.7012120217084885,
      0.7157192051410675,
      0.8700166387217385,
      0.7872666001319886,
      0.7864037954582358,
      0.6204393442187991,
      0.6223778227965037,
      0.6873746355374654,
      0.8375573456287384,
      0.7354672423430851
    ],
    [
      0.6765370458364487,
      0.6947822988033294,
      0.8176859872681754,
      0.7654809206724167,
      0.7741882036317069,
      0.6066767711724553,
      0.5966081698735555,
      0.6704506138960521,
      0.7948303908109665,
      0.7068842138562884
    ],
    [
      0.641677176952362,
      0.6778487950563431,
      0.8509970264775413,
      0.7450041979551315,
      0.7663094480082674,
      0.6031136353101049,
      0.5933513164520263,
      0.6645905534426372,
      0.801576292514801,
      0.7040723732539585
    ],
    [
      0.6660001933574676,
      0.6672614842653275,
      0.811288948569979,
      0.7384978502988815,
      0.7616874496891813,
      0.5953754591090339,
      0.5936881562074026,
      0.6648362060387929,
      0.7877707004547119,
      0.6802645325660706
    ],
    [
      0.676827535033226,
      0.6586929082870483,
      0.8175118735858372,
      0.7372450605034828,
      0.7444264978732703,
      0.5824034650410924,
      0.576687749226888,
      0.6639421582221985,
      0.7820887804031372,
      0.6709372741835458
    ],
    [
      0.627282589673996,
      0.6503368794918061,
      0.8074575662612915,
      0.7332728371024132,
      0.7481390856346994,
      0.6039350394691739,
      0.5845404624938965,
      0.665061088403066,
      0.8111760318279266,
      0.661863944360188
    ],
    [
      0.6754629164934158,
      0.6492103070020676,
      0.8302007679428373,
      0.736061516404152,
      0.7472207242587827,
      0.5778763123920986,
      0.5749469796816508,
      0.6402298827966054,
      0.7738113105297089,
      0.6589064810957227
    ],
    [
      0.642957204580307,
      0.6437332540750503,
      0.8036183587142399,
      0.719660322368145,
      0.7407676037752403,
      0.5669307612947055,
      0.5677419642607371,
      0.6597030500570933,
      0.7687960088253021,
      0.6531468736273902
    ],
    [
      0.6390093028545379,
      0.639248377084732,
      0.7921995541879109,
      0.7375811174511909,
      0.7297077370139787,
      0.5814355154122625,
      0.5572691907485327,
      0.6413554191589356,
      0.769614440202713,
      0.6433033496141434
    ],
    [
      0.630283409357071,
      0.6271246880292892,
      0.7910647860595158,
      0.7063791438937187,
      0.7160384598767983,
      0.5540360297475543,
      0.550641201933225,
      0.6307168861230215,
      0.7552487462759018,
      0.6352301176105227
    ],
    [
      0.6712160319089889,
      0.6495907127857208,
      0.785021688256945,
      0.7295145258307457,
      0.749406690867442,
      0.5746797408376422,
      0.5687889158725739,
      0.6557612895965577,
      0.7526269495487213,
      0.63410613153662
    ],
    [
      0.6730735123157501,
      0.6569739431142807,
      0.8290590026548931,
      0.7052082598209382,
      0.736935389491747,
      0.5586055762001446,
      0.5591436098019282,
      0.6298972149689992,
      0.7639840483665467,
      0.6527600160666874
    ],
    [
      0.5760921508073806,
      0.6120371758937836,
      0.753421487552779,
      0.6751153156161308,
      0.6984392921879606,
      0.5616248941847256,
      0.5276796718438467,
      0.6313929637273152,
      0.7249253392219543,
      0.6046542695590428
    ],
    [
      0.6010599255561828,
      0.6068113923072815,
      0.7621861547231674,
      0.670658415555954,
      0.6819334806136366,
      0.532979853451252,
      0.5217700451612473,
      0.6075231234232584,
      0.7102283746004104,
      0.6059029357773917
    ]
  ],