{
  "best_dsc": 0.8159021477360036,
  "patient_names": [
    "TCGA_CS_4944_20010208",
    "TCGA_CS_6667_20011105",
    "TCGA_CS_6668_20011025",
    "TCGA_DU_5851_19950428",
    "TCGA_DU_6404_19850629",
    "TCGA_DU_6408_19860521",
    "TCGA_DU_7014_19860618",
    "TCGA_HT_7616_19940813",
    "TCGA_HT_7692_19960724",
    "TCGA_HT_7879_19981009"
  ],
  "loss_per_epoch_per_patient": [
    [
      0.9067555457353592,
      0.962271323800087,
      0.9826652897255761,
      0.9609743863344192,
      0.9622423480141837,
      0.8772571672286306,
      0.8972554971774419,
      0.9095433712005615,
      0.9807782262563706,
      0.9625312622104373
    ],
    [
      0.8694935500621795,
      0.9426326870918273,
      0.9672943374940327,
      0.9422791168093682,
      0.94771342569927,
      0.8374229222536087,
      0.8619324306646983,
      0.8893412907918294,
      0.9732124269008636,
      0.9555095732212067
    ],
    [
      0.8437829881906509,
      0.9130436658859253,
      0.9529421946832112,
      0.9157238066196441,
      0.9231436185117038,
      0.788994988160474,
      0.8039303421974182,
      0.8497608224550883,
      0.9586871027946472,
      0.9158062913588115
    ],
    [
      0.7880102634429932,
      0.8748773455619812,
      0.9287806685481753,
      0.8830888837575912,
      0.8983626140738433,
      0.7411170154809952,
      0.745738626519839,
      0.8098420222600301,
      0.9409949243068695,
      0.8953582899911063
    ],
    [
      0.7638743817806244,
      0.8488001972436905,
      0.8930452636310032,
      0.8420762255787849,
      0.8496345787678125,
      0.6850417714033809,
      0.6983845422665278,
      0.7426550487677256,
      0.8985901921987534,
      0.823920556477138
    ],
    [
      0.7096707791090011,
      0.7505294144153595,
      0.8981511443853378,
      0.7963946893811226,
      0.8189515718873942,
      0.6501182871205466,
      0.6482709417740504,
      0.720494536558787,
      0.8807136982679367,
      0.7802390903234482
    ],
    [
      0.6889687687158584,
      0.7426874727010727,
      0.8628529863698142,
      0.7755228489637375,
      0.8045197567849789,
      0.6279841150556292,
      0.6324842562278111,
      0.715193510055542,
      0.8604937821626664,
      0.7391724756785801
    ],
    [
      0.6873403429985047,
      0.7188020408153534,
      0.8678061280931745,
      0.7639540240168572,
      0.7805338513176396,
      0.6175461869154658,
      0.6089787552754085,
      0.6509950240453084,
      0.8253454148769379,
      0.7239800606455121
    ],
    [
      0.6674924671649933,
      0.6832579761743546,
      0.8375194604907717,
      0.7499021589756012,
      0.7692378399507055,
      0.6094739469034332,
      0.6026598334312439,
      0.6788136124610901,
      0.8031832963228226,
      0.7012238034180233
    ],
    [
      0.6481917530298233,
      0.6703329741954803,
      0.8664051017590931,
      0.7405811905860901,
      0.7890287738926006,
      0.6126129712377276,
      0.6124449690183004,
      0.6888767699400584,
      0.795000410079956,
      0.7042232645409447
    ],
    [
      0.6712489277124405,
      0.6616788655519485,
      0.8101127765008381,
      0.7412263467907906,
      0.7555298276667325,
      0.5872745641640255,
      0.5853282074133556,
      0.6618954002857208,
      0.7901383817195893,
      0.6756509457315717
    ],
    [
      0.6475183635950088,
      0.6542304009199142,
      0.8127661922148296,
      0.7307834982872009,
      0.7558628388170926,
      0.5989855187279838,
      0.5907237539688747,
      0.6667157332102458,
      0.7859038501977921,
      0.6654846327645438
    ],
    [
      0.6451032727956771,
      0.6453820586204528,
      0.7992939289127078,
      0.7252840176224709,
      0.772968869164305,
      0.6038866947804179,
      0.5747699290513992,
      0.6693192601203919,
      0.807300454378128,
      0.6566341093608311
    ],
    [
      0.644635796546936,
      0.647210955619812,
      0.7937810782875333,
      0.7222146049141884,
      0.7422693754142186,
      0.5922588982752391,
      0.5642546236515045,
      0.6412710905075073,
      0.7855483263731002,
      0.6535153665712902
    ],
    [
      0.6624590218067169,
      0.6437087148427963,
      0.8364008005176272,
      0.7191391736268997,
      0.7376636649077793,
      0.5778947206480163,
      0.5537306974331538,
      0.6462174495061238,
      0.8015571624040604,
      0.6499417041029248
    ],
    [
      0.6104961723089218,
      0.6293510168790817,
      0.7957014186041695,
      0.7080428346991539,
      0.7202766942528059,
      0.5743523793561118,
      0.5551200956106186,
      0.6316085318724315,
      0.7233393460512161,
      0.6395492851734161
    ],
    [
      0.6084370225667953,
      0.6589681893587113,
      0.7840057632752827,
      0.7053782626986503,
      0.732358677207299,
      0.5850655521665301,
      0.5684371829032898,
      0.6438360929489135,
      0.7156941682100296,
      0.633041860801833
    ],
    [
      0.6112504452466965,
      0.622101366519928,
      0.7775822430849075,
      0.7003857120871544,
      0.723311426504603,
      0.5847241889153209,
      0.5564508030811945,
      0.6385116517543793,
      0.712126624584198,
      0.6281255462339946
    ],
    [
      0.5835421681404114,
      0.6103599756956101,
      0.7730308430535453,
      0.6808613806962966,
      0.7102397759005709,
      0.5760408714413643,
      0.5347565650939942,
      0.646541686852773,
      0.7274113446474075,
      0.6145095697471074
    ],
    [
      0.5951666474342346,
      0.6087655544281005,
      0.7648647832018989,
      0.6733194664120674,
      0.6819070408929069,
      0.556602880358696,
      0.5296092897653579,
      0.6307489236195882,
      0.7167416483163833,
      0.6080796867609024
    ]
  ],