{
  "best_dsc": 0.8162080508142759,
  "patient_names": [
    "TCGA_CS_4944_20010208",
    "TCGA_CS_6667_20011105",
    "TCGA_CS_6668_20011025",
    "TCGA_DU_5851_19950428",
    "TCGA_DU_6404_19850629",
    "TCGA_DU_6408_19860521",
    "TCGA_DU_7014_19860618",
    "TCGA_HT_7616_19940813",
    "TCGA_HT_7692_19960724",
    "TCGA_HT_7879_19981009"
  ],
  "loss_per_epoch_per_patient": [
    [
      0.9132710963487625,
      0.967391312122345,
      0.9799208300454276,
      0.9655038133263588,
      0.9695923227184223,
      0.8928989587085587,
      0.9169939299424489,
      0.9256227135658264,
      0.9848985493183136,
      0.9694399642092841
    ],
    [
      0.8962026864290238,
      0.9579735219478607,
      0.9752584589379174,
      0.9562554821372032,
      0.9594394002320632,
      0.8685998490878514,
      0.892422878742218,
      0.9048634827136993,
      0.9793644279241562,
      0.9567040098564965
    ],
    [
      0.8681134849786758,
      0.9404583305120469,
      0.9642087050846645,
      0.9368403539061546,
      0.9416047503363412,
      0.8218741800103869,
      0.8556240787108739,
      0.8800594051678975,
      0.9715937077999115,
      0.9478003212383815
    ],
    [
      0.8056420177221298,
      0.892648595571518,
      0.9470341971942356,
      0.8991162404417992,
      0.9101647082364784,
      0.7592788987926075,
      0.7880405604839325,
      0.8331936379273732,
      0.9492450177669525,
      0.8988299327237266
    ],
    [
      0.7597525894641877,
      0.8490451812744141,
      0.9058316392557961,
      0.8575647294521331,
      0.8719339809327755,
      0.70712462919099,
      0.7256812522808711,
      0.7697922547658285,
      0.9250289380550385,
      0.8499118451561246
    ],
    [
      0.7410544902086258,
      0.7878594100475311,
      0.8751952818461827,
      0.8246385455131531,
      0.8346152215633752,
      0.6658873696412358,
      0.6805525074402491,
      0.730486128727595,
      0.8951739519834518,
      0.8062493843691689
    ],
    [
      0.7230989843606949,
      0.7569147795438766,
      0.8516283737761634,
      0.7987543508410454,
      0.8037176008494396,
      0.63609843062503,
      0.6396081397930781,
      0.6902468423048655,
      0.8453882366418839,
      0.7604833032403674
    ],
    [
      0.6716147750616074,
      0.7119328260421753,
      0.8538581090314048,
      0.7761260733008385,
      0.790436752562253,
      0.6203648171254567,
      0.6148447354634603,
      0.6908153335253397,
      0.8412621021270752,
      0.7299446782895497
    ],
    [
      0.6520133227109909,
      0.6963535189628601,
      0.8278609280075345,
      0.7603039026260376,
      0.772409771973232,
      0.6146313505513328,
      0.6049385279417038,
      0.6702988505363464,
      0.8363359242677688,
      0.7179623522928783
    ],
    [
      0.6519893556833267,
      0.6760632246732712,
      0.8162520165954318,
      0.7527150124311447,
      0.7599526396337545,
      0.6034323062215533,
      0.5961755474408468,
      0.6657365143299103,
      0.8032571226358414,
      0.6952216178178787
    ],
    [
      0.6461584627628326,
      0.6650913506746292,
      0.8212982394865581,
      0.7473793655633927,
      0.7484248640402308,
      0.5991734106625829,
      0.5889457275470098,
      0.6769935548305511,
      0.7954720199108124,
      0.6842416099139622
    ],
    [
      0.6278729796409607,
      0.6561376780271531,
      0.8347937762737274,
      0.7373849213123321,
      0.7571237132234393,
      0.6012082525662014,
      0.5893936673800151,
      0.6597229103247325,
      0.7838028162717819,
      0.6746371963194439
    ],
    [
      0.6376241743564606,
      0.6516359001398087,
      0.8028900367873055,
      0.736196069419384,
      0.7508823646689361,
      0.5906488693186215,
      0.6006803810596466,
      0.6519202013810476,
      0.7567136406898498,
      0.6639557438237327
    ],
    [
      0.6502926826477051,
      0.6469603717327118,
      0.8007714429071972,
      0.7297868713736534,
      0.7445070968483979,
      0.5901224953787667,
      0.5859344402949015,
      0.6541766822338104,
      0.7442145884037018,
      0.6619553970439094
    ],
    [
      0.6286306083202362,
      0.6343844473361969,
      0.8211582813944135,
      0.7281761080026626,
      0.7253570871533088,
      0.5811720192432404,
      0.5879032909870148,
      0.645404193798701,
      0.770790496468544,
      0.6496581541640418
    ],
    [
      0.6080816626548767,
      0.6265569746494293,
      0.7894602098635265,
      0.7112449616193771,
      0.7218388757615719,
      0.56566642756973,
      0.555943704644839,
      0.644084080060323,
      0.7834434568881988,
      0.6484584042004177
    ],
    [
      0.6375898778438568,
      0.6288420528173446,
      0.7828873481069293,
      0.7086768433451652,
      0.7292487756261286,
      0.5708723706858498,
      0.5569465974966685,
      0.6225136399269104,
      0.7559388697147369,
      0.6444359741040638
    ],
    [
      0.5936933845281601,
      0.6175485491752625,
      0.8152116728680474,
      0.7164924204349518,
      0.7028533343998891,
      0.579477998827185,
      0.5732856720685959,
      0.6379615942637126,
      0.7506362676620484,
      0.6285533032246998
    ],
    [
      0.5912288725376129,
      0.6002575784921647,
      0.7608634999820164,
      0.701345457136631,
      0.6931507227555761,
      0.5511847457715443,
      0.5420572469631831,
      0.6191757301489512,
      0.6969187766313553,
      0.625668574656759
    ],
    [
      0.5941763579845428,
      0.5995190858840942,
      0.758666204554694,
      0.6777066707611084,
      0.694428247100902,
      0.5486026374357087,
      0.540002903342247,
      0.6387862861156464,
      0.7269125521183014,
      0.6187346151896885
    ]
  ],