{
  "best_dsc": 0.8116102200221793,
  "patient_names": [
    "TCGA_CS_4944_20010208",
    "TCGA_CS_6667_20011105",
    "TCGA_CS_6668_20011025",
    "TCGA_DU_5851_19950428",
    "TCGA_DU_6404_19850629",
    "TCGA_DU_6408_19860521",
    "TCGA_DU_7014_19860618",
    "TCGA_HT_7616_19940813",
    "TCGA_HT_7692_19960724",
    "TCGA_HT_7879_19981009"
  ],
  "loss_per_epoch_per_patient": [
    [
      0.8792639195919036,
      0.948064973950386,
      0.9703705864293235,
      0.9465112417936326,
      0.9523647416312739,
      0.8471132186906678,
      0.881804425517718,
      0.893534928560257,
      0.9752625077962875,
      0.9492344387939998
    ],
    [
      0.8450107634067535,
      0.9237910211086273,
      0.9501332874808993,
      0.9227252677083015,
      0.9264784995115029,
      0.7934142021196229,
      0.8348782767852148,
      0.8374091068903605,
      0.9599589228630065,
      0.9167271086147853
    ],
    [
      0.7949775338172913,
      0.847837045788765,
      0.9209397967372622,
      0.8663906112313271,
      0.8776279429219803,
      0.7153377149786267,
      0.7401221017042796,
      0.7812744537989299,
      0.9307125985622406,
      0.8607361891439983
    ],
    [
      0.72564238011837,
      0.8017416179180146,
      0.9105587303638458,
      0.8251285925507545,
      0.838530108613788,
      0.6697013037545341,
      0.6810348014036814,
      0.7396677712599437,
      0.8958592474460602,
      0.8521241503102439
    ],
    [
      0.693573385477066,
      0.7412045896053314,
      0.8824914544820786,
      0.7878063514828682,
      0.8066969941247184,
      0.6325545726077897,
      0.6458946774403255,
      0.7128948052724202,
      0.866383409500122,
      0.7897465846368245
    ],
    [
      0.6977317839860916,
      0.7189118146896363,
      0.8615674504211971,
      0.7762325778603554,
      0.7885775611085711,
      0.6238498049122947,
      0.624580126007398,
      0.6846032738685608,
      0.8526272475719452,
      0.7548982756478446
    ],
    [
      0.6467914372682572,
      0.6859713494777679,
      0.8380346809114728,
      0.7548250749707222,
      0.777454821568615,
      0.6200360315186637,
      0.6063024153312048,
      0.6653998553752899,
      0.8332930564880371,
      0.7088076365845544
    ],
    [
      0.6685560911893844,
      0.6780894666910171,
      0.8204827989850726,
      0.749224616587162,
      0.764114833103036,
      0.6000065484217235,
      0.6072353174289068,
      0.6411651790142059,
      0.8107832074165344,
      0.7054015696048737
    ],
    [
      0.6705609351396561,
      0.6568591833114624,
      0.8177146783896855,
      0.7349450469017029,
      0.756869839047486,
      0.5850477793387004,
      0.5944722175598145,
      0.6635477860768636,
      0.8179527789354324,
      0.6805027765887124
    ],
    [
      0.631347730755806,
      0.6441167920827866,
      0.8130606689623424,
      0.7278533279895782,
      0.7541477815160211,
      0.5831257615770612,
      0.5865804602702459,
      0.6541179617245992,
      0.7846394538879394,
      0.6945983448198864
    ],
    [
      0.6655432909727097,
      0.6488487184047699,
      0.8014668843575886,
      0.7270293414592743,
      0.7490100511964762,
      0.5772909394332341,
      0.5836741358041764,
      0.6545313934485117,
      0.8095898419618607,
      0.6649890946490424
    ],
    [
      0.6381521224975586,
      0.6408790111541748,
      0.7940497738974435,
      0.72163125872612,
      0.7436411324537026,
      0.5840095292244639,
      0.5824813961982727,
      0.6325805147488912,
      0.8096390187740325,
      0.6576453873089382
    ],
    [
      0.6498191982507706,
      0.6400788396596908,
      0.868969487292426,
      0.7159311398863792,
      0.7458204863206396,
      0.5712203245077815,
      0.5772568047046661,
      0.6716287632783254,
      0.7959923028945923,
      0.7081348363842283
    ],
    [
      0.641888165473938,
      0.6390134781599045,
      0.7761965436594827,
      0.7035369649529457,
      0.7315749750947053,
      0.571183266384261,
      0.5498240232467652,
      0.6336163123448689,
      0.7506286382675171,
      0.6388808126960482
    ],
    [
      0.6188598334789276,
      0.651344433426857,
      0.7793148692165103,
      0.69475766569376,
      0.7204734188205791,
      0.5466285443731717,
      0.5480890214443207,
      0.6398205916086833,
      0.7825962841510773,
      0.61872270490442
    ],
    [
      0.6012114077806473,
      0.643049368262291,
      0.773356522832598,
      0.6879172801971436,
      0.7087378850523031,
      0.5425664165190288,
      0.5447969873746236,
      0.6418662548065186,
      0.771819120645523,
      0.6235493783439908
    ],
    [
      0.6361073523759841,
      0.6418183833360672,
      0.7733012395245689,
      0.7035857141017914,
      0.7059234436952843,
      0.5418613797851971,
      0.5669867187738419,
      0.6060632844765981,
      0.732075634598732,
      0.6239751875400543
    ],
    [
      0.5992495685815811,
      0.614838370680809,
      0.7741771319082805,
      0.6864389717578888,
      0.7099552829310579,
      0.5559735553605216,
      0.5732851952314377,
      0.6419924279054006,
      0.769356545805931,
      0.628485089966229
    ],
    [
      0.5783636093139648,
      0.580431866645813,
      0.7530857005289623,
      0.6392042204737663,
      0.669535256781668,
      0.5015729133571897,
      0.508291146159172,
      0.6141190946102142,
      0.700179499387741,
      0.580245818410601
    ],
    [
      0.6044597148895263,
      0.5782268166542053,
      0.764011093548366,
      0.640144219994545,
      0.6717424066561573,
      0.5134096880044255,
      0.5053971578677495,
      0.6157705783843994,
      0.7253833323717117,
      0.5814048733030047
    ]
  ],